packet_id,category,expected_choice,seed,pid,trial,policy,baseline_correct,policy_correct,baseline_answer,policy_answer,router_score,threshold
pairwise_router_v120_budget0_all_0001_both_correct_s60601_p2_t0,both_correct,BOTH,60601,2,0,union_rank_top3,True,True,1.5,3/2,0.793578444377573,0.6522112366081658
pairwise_router_v120_budget0_all_0002_both_correct_s60601_p2_t1,both_correct,BOTH,60601,2,1,union_rank_top3,True,True,1.5,3/2,0.9095244103684108,0.6522112366081658
pairwise_router_v120_budget0_all_0003_both_correct_s60601_p2_t2,both_correct,BOTH,60601,2,2,union_rank_top3,True,True,1.5,3/2,0.8329534408405915,0.6522112366081658
pairwise_router_v120_budget0_all_0004_both_correct_s60601_p2_t3,both_correct,BOTH,60601,2,3,union_rank_top3,True,True,1.5,3/2,0.8392003705087366,0.6522112366081658
pairwise_router_v120_budget0_all_0005_both_correct_s60601_p2_t4,both_correct,BOTH,60601,2,4,union_rank_top3,True,True,1.5,3/2,0.8156211830632715,0.6522112366081658
pairwise_router_v120_budget0_all_0006_both_correct_s60601_p2_t5,both_correct,BOTH,60601,2,5,union_rank_top3,True,True,1.5,3/2,0.8704180068523446,0.6522112366081658
pairwise_router_v120_budget0_all_0007_both_correct_s60601_p2_t6,both_correct,BOTH,60601,2,6,union_rank_top3,True,True,1.5,3/2,0.7954315873042052,0.6522112366081658
pairwise_router_v120_budget0_all_0008_both_correct_s60601_p2_t7,both_correct,BOTH,60601,2,7,union_rank_top3,True,True,1.5,3/2,0.828397188311211,0.6522112366081658
pairwise_router_v120_budget0_all_0009_both_correct_s60601_p10_t5,both_correct,BOTH,60601,10,5,union_rank_top3,True,True,10,30,0.9530733962623645,0.6522112366081658
pairwise_router_v120_budget0_all_0010_both_correct_s60601_p96_t2,both_correct,BOTH,60601,96,2,target_intersection_top20,True,True,\$1.50,\$7.50,0.8661754113956793,0.6522112366081658
pairwise_router_v120_budget0_all_0011_both_correct_s60601_p100_t1,both_correct,BOTH,60601,100,1,union_rank_top3,True,True,18^\circ,108^\circ,0.8927615080569675,0.6522112366081658
pairwise_router_v120_budget0_all_0012_both_correct_s60601_p100_t6,both_correct,BOTH,60601,100,6,union_rank_top3,True,True,18^\circ,108^\circ,0.9203631592520197,0.6522112366081658
pairwise_router_v120_budget0_all_0013_both_correct_s60602_p2_t0,both_correct,BOTH,60602,2,0,union_rank_top3,True,True,1.5,3/2,0.9295857066017142,0.7695955566317789
pairwise_router_v120_budget0_all_0014_both_correct_s60602_p2_t1,both_correct,BOTH,60602,2,1,union_rank_top3,True,True,1.5,3/2,0.9356758260730506,0.7695955566317789
pairwise_router_v120_budget0_all_0015_both_correct_s60602_p2_t2,both_correct,BOTH,60602,2,2,union_rank_top3,True,True,1.5,3/2,0.9291977821735599,0.7695955566317789
pairwise_router_v120_budget0_all_0016_both_correct_s60602_p2_t3,both_correct,BOTH,60602,2,3,union_rank_top3,True,True,1.5,3/2,0.9111096117639476,0.7695955566317789
pairwise_router_v120_budget0_all_0017_both_correct_s60602_p2_t4,both_correct,BOTH,60602,2,4,union_rank_top3,True,True,1.5,3/2,0.9179374229625141,0.7695955566317789
pairwise_router_v120_budget0_all_0018_both_correct_s60602_p2_t5,both_correct,BOTH,60602,2,5,union_rank_top3,True,True,1.5,3/2,0.912247707871189,0.7695955566317789
pairwise_router_v120_budget0_all_0019_both_correct_s60602_p2_t6,both_correct,BOTH,60602,2,6,union_rank_top3,True,True,1.5,3/2,0.9462453668125508,0.7695955566317789
pairwise_router_v120_budget0_all_0020_both_correct_s60602_p2_t7,both_correct,BOTH,60602,2,7,union_rank_top3,True,True,1.5,3/2,0.9050507201674381,0.7695955566317789
pairwise_router_v120_budget0_all_0021_both_correct_s60603_p2_t0,both_correct,BOTH,60603,2,0,union_rank_top3,True,True,1.5,3/2,0.9998382264647643,0.4164719054085135
pairwise_router_v120_budget0_all_0022_both_correct_s60603_p2_t1,both_correct,BOTH,60603,2,1,union_rank_top3,True,True,1.5,3/2,0.9999305892878445,0.4164719054085135
pairwise_router_v120_budget0_all_0023_both_correct_s60603_p2_t2,both_correct,BOTH,60603,2,2,union_rank_top3,True,True,1.5,3/2,0.9998828334698652,0.4164719054085135
pairwise_router_v120_budget0_all_0024_both_correct_s60603_p2_t3,both_correct,BOTH,60603,2,3,union_rank_top3,True,True,1.5,3/2,0.9999676923120516,0.4164719054085135
pairwise_router_v120_budget0_all_0025_both_correct_s60603_p2_t4,both_correct,BOTH,60603,2,4,union_rank_top3,True,True,1.5,3/2,0.9999501899953596,0.4164719054085135
pairwise_router_v120_budget0_all_0026_both_correct_s60603_p2_t5,both_correct,BOTH,60603,2,5,union_rank_top3,True,True,1.5,3/2,0.9983918303022493,0.4164719054085135
pairwise_router_v120_budget0_all_0027_both_correct_s60603_p2_t6,both_correct,BOTH,60603,2,6,union_rank_top3,True,True,1.5,3/2,0.9974514702715899,0.4164719054085135
pairwise_router_v120_budget0_all_0028_both_correct_s60603_p2_t7,both_correct,BOTH,60603,2,7,union_rank_top3,True,True,1.5,3/2,0.9999481061189579,0.4164719054085135
pairwise_router_v120_budget0_all_0029_both_correct_s60603_p101_t7,both_correct,BOTH,60603,101,7,union_rank_top3,True,True,12,16,0.9386441841568117,0.4164719054085135
pairwise_router_v120_budget0_all_0030_both_correct_s60603_p107_t1,both_correct,BOTH,60603,107,1,union_rank_top3,True,True,5040,4\sqrt{315},0.9284679241075929,0.4164719054085135
pairwise_router_v120_budget0_all_0031_both_correct_s60603_p107_t2,both_correct,BOTH,60603,107,2,union_rank_top3,True,True,5040,4\sqrt{315},0.9700799761024489,0.4164719054085135
pairwise_router_v120_budget0_all_0032_both_correct_s60603_p107_t6,both_correct,BOTH,60603,107,6,union_rank_top3,True,True,5040,4\sqrt{315},0.9742093635205007,0.4164719054085135
pairwise_router_v120_budget0_all_0033_both_correct_s60603_p107_t7,both_correct,BOTH,60603,107,7,union_rank_top3,True,True,5040,4\sqrt{315},0.8681769209719047,0.4164719054085135
pairwise_router_v120_budget0_all_0034_neither_correct_s60601_p1_t7,neither_correct,NEITHER,60601,1,7,union_rank_top3,False,False,0,2,0.8091423777746829,0.6522112366081658
pairwise_router_v120_budget0_all_0035_neither_correct_s60601_p15_t7,neither_correct,NEITHER,60601,15,7,target_intersection_top20,False,False,17-8x,-11,0.6721297191698448,0.6522112366081658
pairwise_router_v120_budget0_all_0036_neither_correct_s60601_p75_t3,neither_correct,NEITHER,60601,75,3,union_rank_top3,False,False,2005,334,0.6740053788714726,0.6522112366081658
pairwise_router_v120_budget0_all_0037_neither_correct_s60601_p75_t7,neither_correct,NEITHER,60601,75,7,union_rank_top3,False,False,1,334,0.711480514370079,0.6522112366081658
pairwise_router_v120_budget0_all_0038_neither_correct_s60601_p78_t3,neither_correct,NEITHER,60601,78,3,union_rank_top3,False,False,2,15,0.705756044964855,0.6522112366081658
pairwise_router_v120_budget0_all_0039_neither_correct_s60601_p88_t1,neither_correct,NEITHER,60601,88,1,union_rank_top3,False,False,6,5,0.7402643151053973,0.6522112366081658
pairwise_router_v120_budget0_all_0040_neither_correct_s60601_p88_t3,neither_correct,NEITHER,60601,88,3,target_intersection_top20,False,False,6,5,0.8410374065739977,0.6522112366081658
pairwise_router_v120_budget0_all_0041_neither_correct_s60601_p88_t5,neither_correct,NEITHER,60601,88,5,union_rank_top3,False,False,6,5,0.8977528931580476,0.6522112366081658
pairwise_router_v120_budget0_all_0042_neither_correct_s60601_p88_t6,neither_correct,NEITHER,60601,88,6,union_rank_top3,False,False,6,5,0.8625358729629629,0.6522112366081658
pairwise_router_v120_budget0_all_0043_neither_correct_s60601_p88_t7,neither_correct,NEITHER,60601,88,7,union_rank_top3,False,False,4,5,0.8385486532787068,0.6522112366081658
pairwise_router_v120_budget0_all_0044_neither_correct_s60601_p102_t6,neither_correct,NEITHER,60601,102,6,target_intersection_top10,False,False,33,165,0.8514586435152286,0.6522112366081658
pairwise_router_v120_budget0_all_0045_neither_correct_s60602_p11_t3,neither_correct,NEITHER,60602,11,3,target_intersection_top10,False,False,1,3,0.798832120823731,0.7695955566317789
pairwise_router_v120_budget0_all_0046_neither_correct_s60602_p16_t4,neither_correct,NEITHER,60602,16,4,target_intersection_top10,False,False,1,6,0.8798160463751986,0.7695955566317789
pairwise_router_v120_budget0_all_0047_neither_correct_s60602_p46_t0,neither_correct,NEITHER,60602,46,0,target_intersection_top20,False,False,900,504,0.8216540583665417,0.7695955566317789
pairwise_router_v120_budget0_all_0048_neither_correct_s60602_p46_t1,neither_correct,NEITHER,60602,46,1,target_intersection_top10,False,False,900,504,0.8113095501188031,0.7695955566317789
pairwise_router_v120_budget0_all_0049_neither_correct_s60602_p46_t3,neither_correct,NEITHER,60602,46,3,target_intersection_top10,False,False,900,504,0.8558451170696372,0.7695955566317789
pairwise_router_v120_budget0_all_0050_neither_correct_s60602_p69_t6,neither_correct,NEITHER,60602,69,6,union_rank_top3,False,False,1,2,0.8159401974360702,0.7695955566317789
pairwise_router_v120_budget0_all_0051_neither_correct_s60602_p95_t0,neither_correct,NEITHER,60602,95,0,target_intersection_top20,False,False,180,30,0.9389087513219967,0.7695955566317789
pairwise_router_v120_budget0_all_0052_neither_correct_s60602_p95_t4,neither_correct,NEITHER,60602,95,4,target_intersection_top20,False,False,180,30,0.9588170681828863,0.7695955566317789
pairwise_router_v120_budget0_all_0053_neither_correct_s60602_p95_t6,neither_correct,NEITHER,60602,95,6,target_intersection_top20,False,False,180,30,0.9123207331413368,0.7695955566317789
pairwise_router_v120_budget0_all_0054_neither_correct_s60602_p114_t3,neither_correct,NEITHER,60602,114,3,union_rank_top3,False,False,15600,13860,0.8160197667253419,0.7695955566317789
pairwise_router_v120_budget0_all_0055_neither_correct_s60602_p114_t4,neither_correct,NEITHER,60602,114,4,union_rank_top3,False,False,15600,13860,0.7896537335086855,0.7695955566317789
pairwise_router_v120_budget0_all_0056_neither_correct_s60602_p114_t5,neither_correct,NEITHER,60602,114,5,union_rank_top3,False,False,15600,13860,0.816730479578722,0.7695955566317789
pairwise_router_v120_budget0_all_0057_neither_correct_s60602_p114_t6,neither_correct,NEITHER,60602,114,6,union_rank_top3,False,False,15600,13860,0.8155889500546188,0.7695955566317789
pairwise_router_v120_budget0_all_0058_neither_correct_s60602_p121_t3,neither_correct,NEITHER,60602,121,3,target_intersection_top20,False,False,2\pi/7,7,0.9371370824205767,0.7695955566317789
pairwise_router_v120_budget0_all_0059_neither_correct_s60602_p124_t2,neither_correct,NEITHER,60602,124,2,target_intersection_top10,False,False,\begin{pmatrix}1\\2\end{pmatrix},7,0.8525999841231111,0.7695955566317789
pairwise_router_v120_budget0_all_0060_neither_correct_s60602_p126_t6,neither_correct,NEITHER,60602,126,6,target_intersection_top20,False,False,1/791,2,0.93255883987364,0.7695955566317789
pairwise_router_v120_budget0_all_0061_neither_correct_s60603_p1_t0,neither_correct,NEITHER,60603,1,0,union_rank_top3,False,False,1,2,0.46098219423774656,0.4164719054085135
pairwise_router_v120_budget0_all_0062_neither_correct_s60603_p1_t3,neither_correct,NEITHER,60603,1,3,union_rank_top3,False,False,1,2,0.7260479317588303,0.4164719054085135
pairwise_router_v120_budget0_all_0063_neither_correct_s60603_p1_t4,neither_correct,NEITHER,60603,1,4,union_rank_top3,False,False,-1/2,2,0.4333049196622328,0.4164719054085135
pairwise_router_v120_budget0_all_0064_neither_correct_s60603_p1_t5,neither_correct,NEITHER,60603,1,5,union_rank_top3,False,False,-1/2,2,0.7920202493130307,0.4164719054085135
pairwise_router_v120_budget0_all_0065_neither_correct_s60603_p1_t6,neither_correct,NEITHER,60603,1,6,target_intersection_top10,False,False,0,2,0.8420768181821034,0.4164719054085135
pairwise_router_v120_budget0_all_0066_neither_correct_s60603_p1_t7,neither_correct,NEITHER,60603,1,7,union_rank_top3,False,False,-31/32,2,0.6540069298191626,0.4164719054085135
pairwise_router_v120_budget0_all_0067_neither_correct_s60603_p15_t1,neither_correct,NEITHER,60603,15,1,target_intersection_top20,False,False,17-8x,-11,0.8007443527871622,0.4164719054085135
pairwise_router_v120_budget0_all_0068_neither_correct_s60603_p15_t2,neither_correct,NEITHER,60603,15,2,union_rank_top3,False,False,17-8x,1,0.9961443234553419,0.4164719054085135
pairwise_router_v120_budget0_all_0069_neither_correct_s60603_p15_t3,neither_correct,NEITHER,60603,15,3,union_rank_top3,False,False,17-8x,1,0.9618354015676186,0.4164719054085135
pairwise_router_v120_budget0_all_0070_neither_correct_s60603_p15_t4,neither_correct,NEITHER,60603,15,4,target_intersection_top20,False,False,17-8x,-11,0.765304989399274,0.4164719054085135
pairwise_router_v120_budget0_all_0071_neither_correct_s60603_p15_t5,neither_correct,NEITHER,60603,15,5,target_intersection_top20,False,False,17-8x,-11,0.8421699520239596,0.4164719054085135
pairwise_router_v120_budget0_all_0072_neither_correct_s60603_p15_t6,neither_correct,NEITHER,60603,15,6,target_intersection_top20,False,False,17-8x,-11,0.9851532011291074,0.4164719054085135
pairwise_router_v120_budget0_all_0073_neither_correct_s60603_p15_t7,neither_correct,NEITHER,60603,15,7,target_intersection_top20,False,False,-8x+17,-11,0.5581994049360708,0.4164719054085135
pairwise_router_v120_budget0_all_0074_neither_correct_s60603_p16_t1,neither_correct,NEITHER,60603,16,1,union_rank_top3,False,False,5,6,0.7822207903976977,0.4164719054085135
pairwise_router_v120_budget0_all_0075_neither_correct_s60603_p16_t3,neither_correct,NEITHER,60603,16,3,union_rank_top3,False,False,2,6,0.675995032624804,0.4164719054085135
pairwise_router_v120_budget0_all_0076_neither_correct_s60603_p16_t4,neither_correct,NEITHER,60603,16,4,union_rank_top3,False,False,5,6,0.6155861170413535,0.4164719054085135
pairwise_router_v120_budget0_all_0077_neither_correct_s60603_p16_t6,neither_correct,NEITHER,60603,16,6,union_rank_top3,False,False,5,6,0.8803641856120605,0.4164719054085135
pairwise_router_v120_budget0_all_0078_neither_correct_s60603_p16_t7,neither_correct,NEITHER,60603,16,7,union_rank_top3,False,False,5,6,0.5625049079933776,0.4164719054085135
pairwise_router_v120_budget0_all_0079_neither_correct_s60603_p19_t1,neither_correct,NEITHER,60603,19,1,union_rank_top3,False,False,0,1,0.6348176468953594,0.4164719054085135
pairwise_router_v120_budget0_all_0080_neither_correct_s60603_p19_t7,neither_correct,NEITHER,60603,19,7,union_rank_top3,False,False,0,1,0.6357869213402212,0.4164719054085135
pairwise_router_v120_budget0_all_0081_neither_correct_s60603_p28_t0,neither_correct,NEITHER,60603,28,0,union_rank_top3,False,False,2,3,0.6634796662558868,0.4164719054085135
pairwise_router_v120_budget0_all_0082_neither_correct_s60603_p28_t1,neither_correct,NEITHER,60603,28,1,target_intersection_top20,False,False,0,3,0.8182733183643639,0.4164719054085135
pairwise_router_v120_budget0_all_0083_neither_correct_s60603_p28_t2,neither_correct,NEITHER,60603,28,2,target_intersection_top20,False,False,"[64,\infty)",3,0.8854913005080282,0.4164719054085135
pairwise_router_v120_budget0_all_0084_neither_correct_s60603_p28_t4,neither_correct,NEITHER,60603,28,4,union_rank_top3,False,False,"[64,\infty)",3,0.788601211609162,0.4164719054085135
pairwise_router_v120_budget0_all_0085_neither_correct_s60603_p28_t5,neither_correct,NEITHER,60603,28,5,target_intersection_top20,False,False,"(-\infty,64)\cup(64,\infty)",3,0.7992310491326119,0.4164719054085135
pairwise_router_v120_budget0_all_0086_neither_correct_s60603_p28_t6,neither_correct,NEITHER,60603,28,6,union_rank_top3,False,False,64,3,0.5077403221931106,0.4164719054085135
pairwise_router_v120_budget0_all_0087_neither_correct_s60603_p28_t7,neither_correct,NEITHER,60603,28,7,union_rank_top3,False,False,"[64,\infty)",3,0.6888659600151573,0.4164719054085135
pairwise_router_v120_budget0_all_0088_neither_correct_s60603_p41_t0,neither_correct,NEITHER,60603,41,0,union_rank_top3,False,False,15120,54160,0.6308512673117368,0.4164719054085135
pairwise_router_v120_budget0_all_0089_neither_correct_s60603_p41_t1,neither_correct,NEITHER,60603,41,1,union_rank_top3,False,False,9,54160,0.5064049299689617,0.4164719054085135
pairwise_router_v120_budget0_all_0090_neither_correct_s60603_p41_t2,neither_correct,NEITHER,60603,41,2,union_rank_top3,False,False,30240,54160,0.47866669429497255,0.4164719054085135
pairwise_router_v120_budget0_all_0091_neither_correct_s60603_p41_t3,neither_correct,NEITHER,60603,41,3,union_rank_top3,False,False,20,54160,0.4876936459352423,0.4164719054085135
pairwise_router_v120_budget0_all_0092_neither_correct_s60603_p41_t4,neither_correct,NEITHER,60603,41,4,union_rank_top3,False,False,5,54160,0.6422673008673576,0.4164719054085135
pairwise_router_v120_budget0_all_0093_neither_correct_s60603_p41_t5,neither_correct,NEITHER,60603,41,5,union_rank_top3,False,False,15120,54160,0.5334990475776029,0.4164719054085135
pairwise_router_v120_budget0_all_0094_neither_correct_s60603_p41_t6,neither_correct,NEITHER,60603,41,6,union_rank_top3,False,False,100000,54160,0.4548812447034648,0.4164719054085135
pairwise_router_v120_budget0_all_0095_neither_correct_s60603_p41_t7,neither_correct,NEITHER,60603,41,7,union_rank_top3,False,False,30240,54160,0.5349582595344802,0.4164719054085135
pairwise_router_v120_budget0_all_0096_neither_correct_s60603_p47_t0,neither_correct,NEITHER,60603,47,0,target_intersection_top20,False,False,25,25/2,0.818126972858512,0.4164719054085135
pairwise_router_v120_budget0_all_0097_neither_correct_s60603_p47_t7,neither_correct,NEITHER,60603,47,7,target_intersection_top10,False,False,25,25/2,0.8477347311972463,0.4164719054085135
pairwise_router_v120_budget0_all_0098_neither_correct_s60603_p49_t0,neither_correct,NEITHER,60603,49,0,target_intersection_top10,False,False,14,15,0.9693580569900453,0.4164719054085135
pairwise_router_v120_budget0_all_0099_neither_correct_s60603_p49_t1,neither_correct,NEITHER,60603,49,1,target_intersection_top10,False,False,14,15,0.9977005860197009,0.4164719054085135
pairwise_router_v120_budget0_all_0100_neither_correct_s60603_p49_t3,neither_correct,NEITHER,60603,49,3,union_rank_top3,False,False,14,7,0.9929551179295524,0.4164719054085135
pairwise_router_v120_budget0_all_0101_neither_correct_s60603_p49_t5,neither_correct,NEITHER,60603,49,5,target_intersection_top10,False,False,14,15,0.9004793523727016,0.4164719054085135
pairwise_router_v120_budget0_all_0102_neither_correct_s60603_p49_t7,neither_correct,NEITHER,60603,49,7,target_intersection_top10,False,False,14,15,0.9463364486980335,0.4164719054085135
pairwise_router_v120_budget0_all_0103_neither_correct_s60603_p50_t1,neither_correct,NEITHER,60603,50,1,union_rank_top3,False,False,1,3,0.5043496922965,0.4164719054085135
pairwise_router_v120_budget0_all_0104_neither_correct_s60603_p50_t2,neither_correct,NEITHER,60603,50,2,union_rank_top3,False,False,2,3,0.8714205519799914,0.4164719054085135
pairwise_router_v120_budget0_all_0105_neither_correct_s60603_p53_t0,neither_correct,NEITHER,60603,53,0,target_intersection_top10,False,False,30,30^\circ,0.4286194056470441,0.4164719054085135
pairwise_router_v120_budget0_all_0106_neither_correct_s60603_p53_t1,neither_correct,NEITHER,60603,53,1,union_rank_top3,False,False,30,60^{\circ},0.7140623617233428,0.4164719054085135
pairwise_router_v120_budget0_all_0107_neither_correct_s60603_p53_t5,neither_correct,NEITHER,60603,53,5,target_intersection_top10,False,False,30,60^{\circ},0.9012460795163841,0.4164719054085135
pairwise_router_v120_budget0_all_0108_neither_correct_s60603_p53_t6,neither_correct,NEITHER,60603,53,6,union_rank_top3,False,False,30,60^{\circ},0.5487421326734354,0.4164719054085135
pairwise_router_v120_budget0_all_0109_neither_correct_s60603_p54_t0,neither_correct,NEITHER,60603,54,0,union_rank_top3,False,False,0,12,0.5367201840798435,0.4164719054085135
pairwise_router_v120_budget0_all_0110_neither_correct_s60603_p54_t1,neither_correct,NEITHER,60603,54,1,union_rank_top3,False,False,0,6,0.4362642387485504,0.4164719054085135
pairwise_router_v120_budget0_all_0111_neither_correct_s60603_p54_t5,neither_correct,NEITHER,60603,54,5,union_rank_top3,False,False,0,6,0.4682856840838635,0.4164719054085135
pairwise_router_v120_budget0_all_0112_neither_correct_s60603_p56_t5,neither_correct,NEITHER,60603,56,5,target_intersection_top10,False,False,12,36,0.5071966598063723,0.4164719054085135
pairwise_router_v120_budget0_all_0113_neither_correct_s60603_p57_t0,neither_correct,NEITHER,60603,57,0,union_rank_top3,False,False,18,3,0.9081668415464157,0.4164719054085135
pairwise_router_v120_budget0_all_0114_neither_correct_s60603_p59_t1,neither_correct,NEITHER,60603,59,1,union_rank_top3,False,False,10,\sqrt{10},0.5177669276790604,0.4164719054085135
pairwise_router_v120_budget0_all_0115_neither_correct_s60603_p59_t2,neither_correct,NEITHER,60603,59,2,union_rank_top3,False,False,10,\sqrt{10},0.9124504216602612,0.4164719054085135
pairwise_router_v120_budget0_all_0116_neither_correct_s60603_p61_t1,neither_correct,NEITHER,60603,61,1,union_rank_top3,False,False,2,0,0.48989167459195093,0.4164719054085135
pairwise_router_v120_budget0_all_0117_neither_correct_s60603_p61_t7,neither_correct,NEITHER,60603,61,7,target_intersection_top20,False,False,1,0,0.6236902756398847,0.4164719054085135
pairwise_router_v120_budget0_all_0118_neither_correct_s60603_p69_t0,neither_correct,NEITHER,60603,69,0,union_rank_top3,False,False,1,2,0.8520050326012382,0.4164719054085135
pairwise_router_v120_budget0_all_0119_neither_correct_s60603_p69_t2,neither_correct,NEITHER,60603,69,2,union_rank_top3,False,False,1,2,0.7099226940315926,0.4164719054085135
pairwise_router_v120_budget0_all_0120_neither_correct_s60603_p69_t3,neither_correct,NEITHER,60603,69,3,union_rank_top3,False,False,1,2,0.8255569731802852,0.4164719054085135
pairwise_router_v120_budget0_all_0121_neither_correct_s60603_p69_t4,neither_correct,NEITHER,60603,69,4,union_rank_top3,False,False,1,2,0.9754858300307399,0.4164719054085135
pairwise_router_v120_budget0_all_0122_neither_correct_s60603_p69_t6,neither_correct,NEITHER,60603,69,6,union_rank_top3,False,False,1,2,0.8764993680619039,0.4164719054085135
pairwise_router_v120_budget0_all_0123_neither_correct_s60603_p69_t7,neither_correct,NEITHER,60603,69,7,union_rank_top3,False,False,1,2,0.9547466413482876,0.4164719054085135
pairwise_router_v120_budget0_all_0124_neither_correct_s60603_p70_t4,neither_correct,NEITHER,60603,70,4,union_rank_top3,False,False,2,1,0.5187386283527053,0.4164719054085135
pairwise_router_v120_budget0_all_0125_neither_correct_s60603_p70_t6,neither_correct,NEITHER,60603,70,6,target_intersection_top10,False,False,1,2,0.9602280436160008,0.4164719054085135
pairwise_router_v120_budget0_all_0126_neither_correct_s60603_p70_t7,neither_correct,NEITHER,60603,70,7,target_intersection_top10,False,False,2,1,0.9806682867487928,0.4164719054085135
pairwise_router_v120_budget0_all_0127_neither_correct_s60603_p77_t6,neither_correct,NEITHER,60603,77,6,target_intersection_top10,False,False,3,0,0.7601601900148149,0.4164719054085135
pairwise_router_v120_budget0_all_0128_neither_correct_s60603_p77_t7,neither_correct,NEITHER,60603,77,7,union_rank_top3,False,False,1,0,0.6683478947368837,0.4164719054085135
pairwise_router_v120_budget0_all_0129_neither_correct_s60603_p78_t0,neither_correct,NEITHER,60603,78,0,union_rank_top3,False,False,0,15,0.8413808322557934,0.4164719054085135
pairwise_router_v120_budget0_all_0130_neither_correct_s60603_p78_t2,neither_correct,NEITHER,60603,78,2,union_rank_top3,False,False,0,15,0.8821203578309149,0.4164719054085135
pairwise_router_v120_budget0_all_0131_neither_correct_s60603_p78_t4,neither_correct,NEITHER,60603,78,4,union_rank_top3,False,False,3,15,0.8054277919079815,0.4164719054085135
pairwise_router_v120_budget0_all_0132_neither_correct_s60603_p78_t5,neither_correct,NEITHER,60603,78,5,union_rank_top3,False,False,1,15,0.8104412354937747,0.4164719054085135
pairwise_router_v120_budget0_all_0133_neither_correct_s60603_p78_t6,neither_correct,NEITHER,60603,78,6,union_rank_top3,False,False,0,15,0.8938019733856594,0.4164719054085135
pairwise_router_v120_budget0_all_0134_neither_correct_s60603_p78_t7,neither_correct,NEITHER,60603,78,7,union_rank_top3,False,False,0,15,0.8513868605943521,0.4164719054085135
pairwise_router_v120_budget0_all_0135_neither_correct_s60603_p79_t2,neither_correct,NEITHER,60603,79,2,union_rank_top3,False,False,0,3,0.7643163444164598,0.4164719054085135
pairwise_router_v120_budget0_all_0136_neither_correct_s60603_p81_t4,neither_correct,NEITHER,60603,81,4,union_rank_top3,False,False,12,15,0.7593163377252785,0.4164719054085135
pairwise_router_v120_budget0_all_0137_neither_correct_s60603_p85_t0,neither_correct,NEITHER,60603,85,0,union_rank_top3,False,False,1,2,0.8145940122220312,0.4164719054085135
pairwise_router_v120_budget0_all_0138_neither_correct_s60603_p87_t1,neither_correct,NEITHER,60603,87,1,union_rank_top3,False,False,1,0,0.8712898165907997,0.4164719054085135
pairwise_router_v120_budget0_all_0139_neither_correct_s60603_p87_t2,neither_correct,NEITHER,60603,87,2,union_rank_top3,False,False,1,0,0.4837551141031081,0.4164719054085135
pairwise_router_v120_budget0_all_0140_neither_correct_s60603_p87_t5,neither_correct,NEITHER,60603,87,5,union_rank_top3,False,False,0,1,0.5498397576036158,0.4164719054085135
pairwise_router_v120_budget0_all_0141_neither_correct_s60603_p87_t7,neither_correct,NEITHER,60603,87,7,union_rank_top3,False,False,9,0,0.7641973568148127,0.4164719054085135
pairwise_router_v120_budget0_all_0142_neither_correct_s60603_p88_t0,neither_correct,NEITHER,60603,88,0,union_rank_top3,False,False,3,5,0.47788326983357,0.4164719054085135
pairwise_router_v120_budget0_all_0143_neither_correct_s60603_p88_t1,neither_correct,NEITHER,60603,88,1,union_rank_top3,False,False,0,5,0.7472006035393294,0.4164719054085135
pairwise_router_v120_budget0_all_0144_neither_correct_s60603_p88_t3,neither_correct,NEITHER,60603,88,3,union_rank_top3,False,False,6,5,0.9657662923929476,0.4164719054085135
pairwise_router_v120_budget0_all_0145_neither_correct_s60603_p88_t5,neither_correct,NEITHER,60603,88,5,union_rank_top3,False,False,6,5,0.9409945951864566,0.4164719054085135
pairwise_router_v120_budget0_all_0146_neither_correct_s60603_p88_t7,neither_correct,NEITHER,60603,88,7,union_rank_top3,False,False,0,5,0.916144103763234,0.4164719054085135
pairwise_router_v120_budget0_all_0147_neither_correct_s60603_p94_t0,neither_correct,NEITHER,60603,94,0,target_intersection_top20,False,False,1,109,0.5200885770094724,0.4164719054085135
pairwise_router_v120_budget0_all_0148_neither_correct_s60603_p94_t4,neither_correct,NEITHER,60603,94,4,target_intersection_top20,False,False,1,9,0.4829441718150154,0.4164719054085135
pairwise_router_v120_budget0_all_0149_neither_correct_s60603_p94_t5,neither_correct,NEITHER,60603,94,5,target_intersection_top20,False,False,1,109,0.7229250463905081,0.4164719054085135
pairwise_router_v120_budget0_all_0150_neither_correct_s60603_p95_t0,neither_correct,NEITHER,60603,95,0,target_intersection_top20,False,False,180,30,0.9985319738464872,0.4164719054085135
pairwise_router_v120_budget0_all_0151_neither_correct_s60603_p95_t1,neither_correct,NEITHER,60603,95,1,union_rank_top3,False,False,180,30,0.9978814125353412,0.4164719054085135
pairwise_router_v120_budget0_all_0152_neither_correct_s60603_p95_t2,neither_correct,NEITHER,60603,95,2,target_intersection_top20,False,False,180,30,0.9577884565426744,0.4164719054085135
pairwise_router_v120_budget0_all_0153_neither_correct_s60603_p95_t3,neither_correct,NEITHER,60603,95,3,target_intersection_top20,False,False,180,30,0.9888339481140951,0.4164719054085135
pairwise_router_v120_budget0_all_0154_neither_correct_s60603_p95_t4,neither_correct,NEITHER,60603,95,4,target_intersection_top20,False,False,180,30,0.9991620319691911,0.4164719054085135
pairwise_router_v120_budget0_all_0155_neither_correct_s60603_p95_t5,neither_correct,NEITHER,60603,95,5,target_intersection_top20,False,False,180,30,0.9384702888541451,0.4164719054085135
pairwise_router_v120_budget0_all_0156_neither_correct_s60603_p95_t6,neither_correct,NEITHER,60603,95,6,target_intersection_top20,False,False,180,30,0.9913433997072228,0.4164719054085135
pairwise_router_v120_budget0_all_0157_neither_correct_s60603_p115_t0,neither_correct,NEITHER,60603,115,0,union_rank_top3,False,False,0,53000,0.557680382808734,0.4164719054085135
pairwise_router_v120_budget0_all_0158_neither_correct_s60603_p115_t2,neither_correct,NEITHER,60603,115,2,union_rank_top3,False,False,0,53750,0.5066635164867088,0.4164719054085135
pairwise_router_v120_budget0_all_0159_neither_correct_s60603_p115_t4,neither_correct,NEITHER,60603,115,4,union_rank_top3,False,False,0,187500,0.435530137727337,0.4164719054085135
pairwise_router_v120_budget0_all_0160_neither_correct_s60603_p120_t0,neither_correct,NEITHER,60603,120,0,target_intersection_top10,False,False,36,18,0.7780374982612507,0.4164719054085135
pairwise_router_v120_budget0_all_0161_neither_correct_s60603_p120_t3,neither_correct,NEITHER,60603,120,3,union_rank_top3,False,False,36,18,0.5266173928707921,0.4164719054085135
pairwise_router_v120_budget0_all_0162_neither_correct_s60603_p120_t7,neither_correct,NEITHER,60603,120,7,union_rank_top3,False,False,36,16,0.6132966782069595,0.4164719054085135
pairwise_router_v120_budget0_all_0163_neither_correct_s60603_p121_t7,neither_correct,NEITHER,60603,121,7,target_intersection_top10,False,False,2\pi/7,7,0.5556589962703381,0.4164719054085135
pairwise_router_v120_budget0_all_0164_neither_correct_s60603_p124_t1,neither_correct,NEITHER,60603,124,1,target_intersection_top10,False,False,\begin{pmatrix}3\\5\end{pmatrix},2,0.5470386003038366,0.4164719054085135
pairwise_router_v120_budget0_all_0165_neither_correct_s60603_p124_t2,neither_correct,NEITHER,60603,124,2,union_rank_top3,False,False,\begin{pmatrix}3\\5\end{pmatrix},\begin{pmatrix}1\\1\end{pmatrix},0.6028267051375472,0.4164719054085135
pairwise_router_v120_budget0_all_0166_recovery_s60601_p3_t0,recovery,B,60601,3,0,union_rank_top3,False,True,0.57,73.5,0.9964731644199917,0.6522112366081658
pairwise_router_v120_budget0_all_0167_recovery_s60601_p3_t1,recovery,B,60601,3,1,union_rank_top3,False,True,42,73.5,0.9964347997482699,0.6522112366081658
pairwise_router_v120_budget0_all_0168_recovery_s60601_p3_t2,recovery,B,60601,3,2,union_rank_top3,False,True,6.4,73.5,0.9970049214671035,0.6522112366081658
pairwise_router_v120_budget0_all_0169_recovery_s60601_p3_t3,recovery,B,60601,3,3,union_rank_top3,False,True,6.4,73.5,0.9963232121805746,0.6522112366081658
pairwise_router_v120_budget0_all_0170_recovery_s60601_p3_t4,recovery,B,60601,3,4,union_rank_top3,False,True,6.4,73.5,0.996513382241042,0.6522112366081658
pairwise_router_v120_budget0_all_0171_recovery_s60601_p3_t5,recovery,B,60601,3,5,union_rank_top3,False,True,42,73.5,0.9967359557670338,0.6522112366081658
pairwise_router_v120_budget0_all_0172_recovery_s60601_p3_t6,recovery,B,60601,3,6,union_rank_top3,False,True,42,73.5,0.9949852190698316,0.6522112366081658
pairwise_router_v120_budget0_all_0173_recovery_s60601_p3_t7,recovery,B,60601,3,7,union_rank_top3,False,True,24,73.5,0.9970321349834473,0.6522112366081658
pairwise_router_v120_budget0_all_0174_recovery_s60601_p10_t0,recovery,B,60601,10,0,union_rank_top3,False,True,40,30,0.9546761370290334,0.6522112366081658
pairwise_router_v120_budget0_all_0175_recovery_s60601_p10_t1,recovery,B,60601,10,1,union_rank_top3,False,True,10,30,0.9053462851986581,0.6522112366081658
pairwise_router_v120_budget0_all_0176_recovery_s60601_p10_t2,recovery,B,60601,10,2,union_rank_top3,False,True,10,30,0.9705747384907496,0.6522112366081658
pairwise_router_v120_budget0_all_0177_recovery_s60601_p10_t3,recovery,B,60601,10,3,union_rank_top3,False,True,10,30,0.921095741887846,0.6522112366081658
pairwise_router_v120_budget0_all_0178_recovery_s60601_p10_t4,recovery,B,60601,10,4,union_rank_top3,False,True,10,30,0.965832319834587,0.6522112366081658
pairwise_router_v120_budget0_all_0179_recovery_s60601_p10_t6,recovery,B,60601,10,6,union_rank_top3,False,True,10,30,0.9634776700723424,0.6522112366081658
pairwise_router_v120_budget0_all_0180_recovery_s60601_p10_t7,recovery,B,60601,10,7,union_rank_top3,False,True,10,30,0.9581983046960064,0.6522112366081658
pairwise_router_v120_budget0_all_0181_recovery_s60601_p12_t0,recovery,B,60601,12,0,union_rank_top3,False,True,7/1099,1/83,0.9806137314408842,0.6522112366081658
pairwise_router_v120_budget0_all_0182_recovery_s60601_p12_t1,recovery,B,60601,12,1,target_intersection_top20,False,True,7/1099,1/83,0.9339897634695252,0.6522112366081658
pairwise_router_v120_budget0_all_0183_recovery_s60601_p12_t2,recovery,B,60601,12,2,union_rank_top3,False,True,7/1099,1/83,0.9708075452144782,0.6522112366081658
pairwise_router_v120_budget0_all_0184_recovery_s60601_p12_t3,recovery,B,60601,12,3,union_rank_top3,False,True,7/1099,1/83,0.974215777085366,0.6522112366081658
pairwise_router_v120_budget0_all_0185_recovery_s60601_p12_t4,recovery,B,60601,12,4,union_rank_top3,False,True,7/1099,1/83,0.9867590296324982,0.6522112366081658
pairwise_router_v120_budget0_all_0186_recovery_s60601_p12_t5,recovery,B,60601,12,5,union_rank_top3,False,True,7/1099,1/83,0.9638579952417204,0.6522112366081658
pairwise_router_v120_budget0_all_0187_recovery_s60601_p12_t6,recovery,B,60601,12,6,union_rank_top3,False,True,7/1099,1/83,0.9766550569651893,0.6522112366081658
pairwise_router_v120_budget0_all_0188_recovery_s60601_p12_t7,recovery,B,60601,12,7,union_rank_top3,False,True,7/1099,1/83,0.9804888027115394,0.6522112366081658
pairwise_router_v120_budget0_all_0189_recovery_s60601_p27_t0,recovery,B,60601,27,0,union_rank_top3,False,True,3,47/24,0.6943682844904415,0.6522112366081658
pairwise_router_v120_budget0_all_0190_recovery_s60601_p29_t0,recovery,B,60601,29,0,target_intersection_top20,False,True,"(-\infty,-2)\cup(3,\infty)","(-\infty,-2)\cup(-2,3)\cup(3,\infty)",0.925904059679081,0.6522112366081658
pairwise_router_v120_budget0_all_0191_recovery_s60601_p43_t6,recovery,B,60601,43,6,target_intersection_top20,False,True,2,50,0.9783786424390322,0.6522112366081658
pairwise_router_v120_budget0_all_0192_recovery_s60601_p43_t7,recovery,B,60601,43,7,union_rank_top3,False,True,2,50,0.9055543860298115,0.6522112366081658
pairwise_router_v120_budget0_all_0193_recovery_s60601_p58_t0,recovery,B,60601,58,0,union_rank_top3,False,True,16,4,0.8934440529922847,0.6522112366081658
pairwise_router_v120_budget0_all_0194_recovery_s60601_p58_t1,recovery,B,60601,58,1,union_rank_top3,False,True,16,4,0.9492548088030315,0.6522112366081658
pairwise_router_v120_budget0_all_0195_recovery_s60601_p58_t2,recovery,B,60601,58,2,union_rank_top3,False,True,16,4,0.9387235848167405,0.6522112366081658
pairwise_router_v120_budget0_all_0196_recovery_s60601_p58_t3,recovery,B,60601,58,3,union_rank_top3,False,True,16,4,0.9256551759635541,0.6522112366081658
pairwise_router_v120_budget0_all_0197_recovery_s60601_p58_t4,recovery,B,60601,58,4,union_rank_top3,False,True,16,4,0.8560313962612149,0.6522112366081658
pairwise_router_v120_budget0_all_0198_recovery_s60601_p58_t5,recovery,B,60601,58,5,union_rank_top3,False,True,16,4,0.7442645241788302,0.6522112366081658
pairwise_router_v120_budget0_all_0199_recovery_s60601_p58_t6,recovery,B,60601,58,6,union_rank_top3,False,True,16,4,0.9285371441013839,0.6522112366081658
pairwise_router_v120_budget0_all_0200_recovery_s60601_p58_t7,recovery,B,60601,58,7,union_rank_top3,False,True,15,4,0.8838926821976429,0.6522112366081658
pairwise_router_v120_budget0_all_0201_recovery_s60601_p96_t0,recovery,B,60601,96,0,target_intersection_top20,False,True,\$1.50,\$7.50,0.8395329594421694,0.6522112366081658
pairwise_router_v120_budget0_all_0202_recovery_s60601_p96_t1,recovery,B,60601,96,1,target_intersection_top20,False,True,\$1.50,\$7.50,0.9079190956742388,0.6522112366081658
pairwise_router_v120_budget0_all_0203_recovery_s60601_p96_t3,recovery,B,60601,96,3,target_intersection_top10,False,True,\$1.50,\$7.50,0.9556747750950434,0.6522112366081658
pairwise_router_v120_budget0_all_0204_recovery_s60601_p96_t4,recovery,B,60601,96,4,target_intersection_top20,False,True,\$1.50,\$7.50,0.9164085488122372,0.6522112366081658
pairwise_router_v120_budget0_all_0205_recovery_s60601_p96_t5,recovery,B,60601,96,5,target_intersection_top20,False,True,\$1.50,\$7.50,0.9247148355404307,0.6522112366081658
pairwise_router_v120_budget0_all_0206_recovery_s60601_p96_t6,recovery,B,60601,96,6,target_intersection_top20,False,True,\$1.50,\$7.50,0.9057252868601426,0.6522112366081658
pairwise_router_v120_budget0_all_0207_recovery_s60601_p96_t7,recovery,B,60601,96,7,target_intersection_top20,False,True,\$1.50,\$7.50,0.944239570108175,0.6522112366081658
pairwise_router_v120_budget0_all_0208_recovery_s60601_p98_t3,recovery,B,60601,98,3,target_intersection_top20,False,True,\$12,\$36,0.7808034835603538,0.6522112366081658
pairwise_router_v120_budget0_all_0209_recovery_s60601_p100_t0,recovery,B,60601,100,0,union_rank_top3,False,True,90^\circ,108^\circ,0.9334091478623838,0.6522112366081658
pairwise_router_v120_budget0_all_0210_recovery_s60601_p100_t2,recovery,B,60601,100,2,union_rank_top3,False,True,18^\circ,108^\circ,0.8467164644435414,0.6522112366081658
pairwise_router_v120_budget0_all_0211_recovery_s60601_p100_t3,recovery,B,60601,100,3,union_rank_top3,False,True,18^\circ,108^\circ,0.8377693755810917,0.6522112366081658
pairwise_router_v120_budget0_all_0212_recovery_s60601_p100_t4,recovery,B,60601,100,4,union_rank_top3,False,True,18^\circ,108^\circ,0.805134963969013,0.6522112366081658
pairwise_router_v120_budget0_all_0213_recovery_s60601_p100_t5,recovery,B,60601,100,5,union_rank_top3,False,True,18^\circ,108^\circ,0.8899916186512755,0.6522112366081658
pairwise_router_v120_budget0_all_0214_recovery_s60601_p101_t0,recovery,B,60601,101,0,union_rank_top3,False,True,10,16,0.9896697210407427,0.6522112366081658
pairwise_router_v120_budget0_all_0215_recovery_s60601_p101_t1,recovery,B,60601,101,1,union_rank_top3,False,True,10,16,0.9651501328714988,0.6522112366081658
pairwise_router_v120_budget0_all_0216_recovery_s60601_p101_t2,recovery,B,60601,101,2,union_rank_top3,False,True,12,16,0.9790854755896898,0.6522112366081658
pairwise_router_v120_budget0_all_0217_recovery_s60601_p101_t3,recovery,B,60601,101,3,union_rank_top3,False,True,8,16,0.8953504440414478,0.6522112366081658
pairwise_router_v120_budget0_all_0218_recovery_s60601_p101_t4,recovery,B,60601,101,4,union_rank_top3,False,True,12,16,0.979357184745971,0.6522112366081658
pairwise_router_v120_budget0_all_0219_recovery_s60601_p101_t5,recovery,B,60601,101,5,union_rank_top3,False,True,12,16,0.9333732284836952,0.6522112366081658
pairwise_router_v120_budget0_all_0220_recovery_s60601_p101_t6,recovery,B,60601,101,6,union_rank_top3,False,True,12,16,0.8844943598482582,0.6522112366081658
pairwise_router_v120_budget0_all_0221_recovery_s60601_p101_t7,recovery,B,60601,101,7,union_rank_top3,False,True,12,16,0.9165591644711922,0.6522112366081658
pairwise_router_v120_budget0_all_0222_recovery_s60601_p102_t0,recovery,B,60601,102,0,union_rank_top3,False,True,33,330,0.7692162631355512,0.6522112366081658
pairwise_router_v120_budget0_all_0223_recovery_s60601_p102_t2,recovery,B,60601,102,2,union_rank_top3,False,True,33,330,0.8575913099430847,0.6522112366081658
pairwise_router_v120_budget0_all_0224_recovery_s60601_p102_t3,recovery,B,60601,102,3,union_rank_top3,False,True,33,330,0.7892953032632882,0.6522112366081658
pairwise_router_v120_budget0_all_0225_recovery_s60601_p102_t5,recovery,B,60601,102,5,union_rank_top3,False,True,33,330,0.7928090839270584,0.6522112366081658
pairwise_router_v120_budget0_all_0226_recovery_s60601_p102_t7,recovery,B,60601,102,7,union_rank_top3,False,True,33,330,0.8309970223817164,0.6522112366081658
pairwise_router_v120_budget0_all_0227_recovery_s60601_p111_t1,recovery,B,60601,111,1,union_rank_top3,False,True,0,32-8\pi,0.824266582713765,0.6522112366081658
pairwise_router_v120_budget0_all_0228_recovery_s60601_p111_t2,recovery,B,60601,111,2,union_rank_top3,False,True,0,32-8\pi,0.7218748829833718,0.6522112366081658
pairwise_router_v120_budget0_all_0229_recovery_s60601_p111_t4,recovery,B,60601,111,4,union_rank_top3,False,True,0,32-8\pi,0.7427948372608055,0.6522112366081658
pairwise_router_v120_budget0_all_0230_recovery_s60601_p111_t5,recovery,B,60601,111,5,union_rank_top3,False,True,0,32-8\pi,0.6928164408164734,0.6522112366081658
pairwise_router_v120_budget0_all_0231_recovery_s60601_p111_t6,recovery,B,60601,111,6,target_intersection_top20,False,True,0,32-8\pi,0.8081993657152496,0.6522112366081658
pairwise_router_v120_budget0_all_0232_recovery_s60601_p111_t7,recovery,B,60601,111,7,union_rank_top3,False,True,0,32-8\pi,0.7811630198799273,0.6522112366081658
pairwise_router_v120_budget0_all_0233_recovery_s60602_p12_t0,recovery,B,60602,12,0,target_intersection_top20,False,True,7/1099,1/83,0.9840254117409363,0.7695955566317789
pairwise_router_v120_budget0_all_0234_recovery_s60602_p12_t1,recovery,B,60602,12,1,union_rank_top3,False,True,7/1099,1/83,0.8518661566961552,0.7695955566317789
pairwise_router_v120_budget0_all_0235_recovery_s60602_p12_t2,recovery,B,60602,12,2,union_rank_top3,False,True,7/1099,1/83,0.8276304156011803,0.7695955566317789
pairwise_router_v120_budget0_all_0236_recovery_s60602_p12_t3,recovery,B,60602,12,3,union_rank_top3,False,True,7/1099,1/83,0.8471774079340786,0.7695955566317789
pairwise_router_v120_budget0_all_0237_recovery_s60602_p12_t4,recovery,B,60602,12,4,union_rank_top3,False,True,7/1099,1/83,0.8820316229039533,0.7695955566317789
pairwise_router_v120_budget0_all_0238_recovery_s60602_p12_t5,recovery,B,60602,12,5,union_rank_top3,False,True,7/1099,1/83,0.8547442137980227,0.7695955566317789
pairwise_router_v120_budget0_all_0239_recovery_s60602_p12_t6,recovery,B,60602,12,6,union_rank_top3,False,True,7/1099,1/83,0.8573211627754589,0.7695955566317789
pairwise_router_v120_budget0_all_0240_recovery_s60602_p12_t7,recovery,B,60602,12,7,union_rank_top3,False,True,7/1099,1/83,0.8464036939884223,0.7695955566317789
pairwise_router_v120_budget0_all_0241_recovery_s60602_p35_t0,recovery,B,60602,35,0,union_rank_top3,False,True,1/36,1/6,0.9638673582742279,0.7695955566317789
pairwise_router_v120_budget0_all_0242_recovery_s60602_p35_t1,recovery,B,60602,35,1,union_rank_top3,False,True,1/36,1/6,0.9694926541253011,0.7695955566317789
pairwise_router_v120_budget0_all_0243_recovery_s60602_p35_t2,recovery,B,60602,35,2,union_rank_top3,False,True,1/36,1/6,0.9639153842327536,0.7695955566317789
pairwise_router_v120_budget0_all_0244_recovery_s60602_p35_t3,recovery,B,60602,35,3,union_rank_top3,False,True,1/36,1/6,0.9445528325882152,0.7695955566317789
pairwise_router_v120_budget0_all_0245_recovery_s60602_p35_t4,recovery,B,60602,35,4,union_rank_top3,False,True,1/36,1/6,0.960684351224,0.7695955566317789
pairwise_router_v120_budget0_all_0246_recovery_s60602_p35_t5,recovery,B,60602,35,5,union_rank_top3,False,True,1/36,1/6,0.95920631341634,0.7695955566317789
pairwise_router_v120_budget0_all_0247_recovery_s60602_p35_t6,recovery,B,60602,35,6,union_rank_top3,False,True,1/36,1/6,0.9590689324050581,0.7695955566317789
pairwise_router_v120_budget0_all_0248_recovery_s60602_p35_t7,recovery,B,60602,35,7,union_rank_top3,False,True,1/36,1/6,0.9604954767999437,0.7695955566317789
pairwise_router_v120_budget0_all_0249_recovery_s60602_p43_t0,recovery,B,60602,43,0,union_rank_top3,False,True,100,50,0.8506580062120774,0.7695955566317789
pairwise_router_v120_budget0_all_0250_recovery_s60602_p43_t3,recovery,B,60602,43,3,target_intersection_top20,False,True,100,50,0.9890727100970111,0.7695955566317789
pairwise_router_v120_budget0_all_0251_recovery_s60602_p47_t2,recovery,B,60602,47,2,target_intersection_top20,False,True,25,25/3,0.7846739937840063,0.7695955566317789
pairwise_router_v120_budget0_all_0252_recovery_s60602_p47_t3,recovery,B,60602,47,3,target_intersection_top20,False,True,25,25/3,0.7999718300523645,0.7695955566317789
pairwise_router_v120_budget0_all_0253_recovery_s60602_p91_t0,recovery,B,60602,91,0,union_rank_top3,False,True,16,6,0.7934034556072689,0.7695955566317789
pairwise_router_v120_budget0_all_0254_recovery_s60602_p91_t2,recovery,B,60602,91,2,union_rank_top3,False,True,16,6,0.8158476336032278,0.7695955566317789
pairwise_router_v120_budget0_all_0255_recovery_s60602_p91_t5,recovery,B,60602,91,5,union_rank_top3,False,True,16,6,0.7977395307785898,0.7695955566317789
pairwise_router_v120_budget0_all_0256_recovery_s60602_p98_t6,recovery,B,60602,98,6,target_intersection_top20,False,True,\$12,\$36,0.8655612018308307,0.7695955566317789
pairwise_router_v120_budget0_all_0257_recovery_s60602_p99_t4,recovery,B,60602,99,4,target_intersection_top20,False,True,1.25x,\$3.25,0.8117607497780952,0.7695955566317789
pairwise_router_v120_budget0_all_0258_recovery_s60602_p100_t0,recovery,B,60602,100,0,union_rank_top3,False,True,18^\circ,108^\circ,0.7755808162196318,0.7695955566317789
pairwise_router_v120_budget0_all_0259_recovery_s60602_p111_t2,recovery,B,60602,111,2,target_intersection_top20,False,True,0,32-8\pi,0.8640393699608585,0.7695955566317789
pairwise_router_v120_budget0_all_0260_recovery_s60603_p3_t0,recovery,B,60603,3,0,union_rank_top3,False,True,6.4,73.5,0.9881796360019343,0.4164719054085135
pairwise_router_v120_budget0_all_0261_recovery_s60603_p3_t1,recovery,B,60603,3,1,union_rank_top3,False,True,6.4,73.5,0.9907648318916868,0.4164719054085135
pairwise_router_v120_budget0_all_0262_recovery_s60603_p3_t2,recovery,B,60603,3,2,union_rank_top3,False,True,6.4,73.5,0.9930019563849505,0.4164719054085135
pairwise_router_v120_budget0_all_0263_recovery_s60603_p3_t3,recovery,B,60603,3,3,union_rank_top3,False,True,0.57,73.5,0.9593132234101684,0.4164719054085135
pairwise_router_v120_budget0_all_0264_recovery_s60603_p3_t4,recovery,B,60603,3,4,union_rank_top3,False,True,0.57,73.5,0.9875690165543034,0.4164719054085135
pairwise_router_v120_budget0_all_0265_recovery_s60603_p3_t5,recovery,B,60603,3,5,union_rank_top3,False,True,42,73.5,0.9884064578798157,0.4164719054085135
pairwise_router_v120_budget0_all_0266_recovery_s60603_p3_t6,recovery,B,60603,3,6,union_rank_top3,False,True,1,73.5,0.98701820429109,0.4164719054085135
pairwise_router_v120_budget0_all_0267_recovery_s60603_p3_t7,recovery,B,60603,3,7,union_rank_top3,False,True,1,73.5,0.9786335430676509,0.4164719054085135
pairwise_router_v120_budget0_all_0268_recovery_s60603_p7_t0,recovery,B,60603,7,0,union_rank_top3,False,True,13,5,0.6020269840297485,0.4164719054085135
pairwise_router_v120_budget0_all_0269_recovery_s60603_p7_t4,recovery,B,60603,7,4,union_rank_top3,False,True,13,5,0.656658672150837,0.4164719054085135
pairwise_router_v120_budget0_all_0270_recovery_s60603_p7_t5,recovery,B,60603,7,5,union_rank_top3,False,True,13,5,0.5468278094208742,0.4164719054085135
pairwise_router_v120_budget0_all_0271_recovery_s60603_p9_t3,recovery,B,60603,9,3,union_rank_top3,False,True,7,12,0.638411619578629,0.4164719054085135
pairwise_router_v120_budget0_all_0272_recovery_s60603_p10_t1,recovery,B,60603,10,1,union_rank_top3,False,True,10,30,0.9802582884175803,0.4164719054085135
pairwise_router_v120_budget0_all_0273_recovery_s60603_p10_t2,recovery,B,60603,10,2,union_rank_top3,False,True,10,30,0.9969857095564639,0.4164719054085135
pairwise_router_v120_budget0_all_0274_recovery_s60603_p10_t3,recovery,B,60603,10,3,target_intersection_top10,False,True,10,30,0.9986177703317405,0.4164719054085135
pairwise_router_v120_budget0_all_0275_recovery_s60603_p10_t4,recovery,B,60603,10,4,union_rank_top3,False,True,10,30,0.9983350768191149,0.4164719054085135
pairwise_router_v120_budget0_all_0276_recovery_s60603_p10_t5,recovery,B,60603,10,5,union_rank_top3,False,True,10,30,0.9700706350924794,0.4164719054085135
pairwise_router_v120_budget0_all_0277_recovery_s60603_p10_t6,recovery,B,60603,10,6,union_rank_top3,False,True,10,30,0.9975149478809141,0.4164719054085135
pairwise_router_v120_budget0_all_0278_recovery_s60603_p10_t7,recovery,B,60603,10,7,union_rank_top3,False,True,10,30,0.9700868998298606,0.4164719054085135
pairwise_router_v120_budget0_all_0279_recovery_s60603_p19_t2,recovery,B,60603,19,2,union_rank_top3,False,True,0,-7,0.9304028888184593,0.4164719054085135
pairwise_router_v120_budget0_all_0280_recovery_s60603_p19_t4,recovery,B,60603,19,4,union_rank_top3,False,True,0,-7,0.9571485869857819,0.4164719054085135
pairwise_router_v120_budget0_all_0281_recovery_s60603_p29_t5,recovery,B,60603,29,5,target_intersection_top20,False,True,"(-\infty,-2)\cup(3,\infty)","(-\infty,-2)\cup(-2,3)\cup(3,\infty)",0.9818942143987822,0.4164719054085135
pairwise_router_v120_budget0_all_0282_recovery_s60603_p35_t0,recovery,B,60603,35,0,union_rank_top3,False,True,1/36,1/6,0.9866680958569648,0.4164719054085135
pairwise_router_v120_budget0_all_0283_recovery_s60603_p35_t1,recovery,B,60603,35,1,union_rank_top3,False,True,1/36,1/6,0.9948609193068794,0.4164719054085135
pairwise_router_v120_budget0_all_0284_recovery_s60603_p35_t2,recovery,B,60603,35,2,union_rank_top3,False,True,1/36,1/6,0.7856237580465886,0.4164719054085135
pairwise_router_v120_budget0_all_0285_recovery_s60603_p35_t5,recovery,B,60603,35,5,union_rank_top3,False,True,1/36,1/6,0.9552635533109226,0.4164719054085135
pairwise_router_v120_budget0_all_0286_recovery_s60603_p35_t6,recovery,B,60603,35,6,union_rank_top3,False,True,1/36,1/6,0.9760506146650101,0.4164719054085135
pairwise_router_v120_budget0_all_0287_recovery_s60603_p35_t7,recovery,B,60603,35,7,union_rank_top3,False,True,1/36,1/6,0.9909750773781963,0.4164719054085135
pairwise_router_v120_budget0_all_0288_recovery_s60603_p39_t1,recovery,B,60603,39,1,union_rank_top3,False,True,1/4,11/850,0.9223632409845869,0.4164719054085135
pairwise_router_v120_budget0_all_0289_recovery_s60603_p39_t3,recovery,B,60603,39,3,union_rank_top3,False,True,1/4,11/850,0.8846796460982583,0.4164719054085135
pairwise_router_v120_budget0_all_0290_recovery_s60603_p39_t4,recovery,B,60603,39,4,union_rank_top3,False,True,1/64,11/850,0.9442934243366446,0.4164719054085135
pairwise_router_v120_budget0_all_0291_recovery_s60603_p39_t5,recovery,B,60603,39,5,union_rank_top3,False,True,1/64,11/850,0.9541568506310566,0.4164719054085135
pairwise_router_v120_budget0_all_0292_recovery_s60603_p39_t7,recovery,B,60603,39,7,union_rank_top3,False,True,1/64,11/850,0.9417997268755725,0.4164719054085135
pairwise_router_v120_budget0_all_0293_recovery_s60603_p43_t6,recovery,B,60603,43,6,union_rank_top3,False,True,100,50,0.930155018313718,0.4164719054085135
pairwise_router_v120_budget0_all_0294_recovery_s60603_p43_t7,recovery,B,60603,43,7,union_rank_top3,False,True,25,50,0.8183122828261679,0.4164719054085135
pairwise_router_v120_budget0_all_0295_recovery_s60603_p47_t1,recovery,B,60603,47,1,union_rank_top3,False,True,25,25/3,0.6503584358871322,0.4164719054085135
pairwise_router_v120_budget0_all_0296_recovery_s60603_p47_t2,recovery,B,60603,47,2,target_intersection_top20,False,True,25,25/3,0.9960705723242697,0.4164719054085135
pairwise_router_v120_budget0_all_0297_recovery_s60603_p47_t3,recovery,B,60603,47,3,target_intersection_top20,False,True,25,25/3,0.9954965506948479,0.4164719054085135
pairwise_router_v120_budget0_all_0298_recovery_s60603_p47_t4,recovery,B,60603,47,4,target_intersection_top20,False,True,25,25/3,0.9937319563408439,0.4164719054085135
pairwise_router_v120_budget0_all_0299_recovery_s60603_p47_t5,recovery,B,60603,47,5,target_intersection_top10,False,True,25,25/3,0.9309522006907974,0.4164719054085135
pairwise_router_v120_budget0_all_0300_recovery_s60603_p47_t6,recovery,B,60603,47,6,target_intersection_top20,False,True,25,25/3,0.9520108741354484,0.4164719054085135
pairwise_router_v120_budget0_all_0301_recovery_s60603_p79_t5,recovery,B,60603,79,5,union_rank_top3,False,True,1,2,0.9282033898065634,0.4164719054085135
pairwise_router_v120_budget0_all_0302_recovery_s60603_p79_t6,recovery,B,60603,79,6,union_rank_top3,False,True,3,2,0.781506396600945,0.4164719054085135
pairwise_router_v120_budget0_all_0303_recovery_s60603_p83_t0,recovery,B,60603,83,0,union_rank_top3,False,True,110.37,37,0.5863754573004777,0.4164719054085135
pairwise_router_v120_budget0_all_0304_recovery_s60603_p83_t2,recovery,B,60603,83,2,union_rank_top3,False,True,0,37,0.9625034373497311,0.4164719054085135
pairwise_router_v120_budget0_all_0305_recovery_s60603_p83_t3,recovery,B,60603,83,3,union_rank_top3,False,True,0,37,0.8316692785272308,0.4164719054085135
pairwise_router_v120_budget0_all_0306_recovery_s60603_p91_t0,recovery,B,60603,91,0,union_rank_top3,False,True,16,6,0.9997494497400968,0.4164719054085135
pairwise_router_v120_budget0_all_0307_recovery_s60603_p91_t1,recovery,B,60603,91,1,union_rank_top3,False,True,16,6,0.9999369534956856,0.4164719054085135
pairwise_router_v120_budget0_all_0308_recovery_s60603_p91_t2,recovery,B,60603,91,2,union_rank_top3,False,True,16,6,0.9999590538306646,0.4164719054085135
pairwise_router_v120_budget0_all_0309_recovery_s60603_p91_t3,recovery,B,60603,91,3,union_rank_top3,False,True,16,6,0.9997033346918126,0.4164719054085135
pairwise_router_v120_budget0_all_0310_recovery_s60603_p91_t4,recovery,B,60603,91,4,union_rank_top3,False,True,16,6,0.999755435755347,0.4164719054085135
pairwise_router_v120_budget0_all_0311_recovery_s60603_p91_t5,recovery,B,60603,91,5,union_rank_top3,False,True,16,6,0.9999032621881764,0.4164719054085135
pairwise_router_v120_budget0_all_0312_recovery_s60603_p91_t6,recovery,B,60603,91,6,union_rank_top3,False,True,16,6,0.9997761560843347,0.4164719054085135
pairwise_router_v120_budget0_all_0313_recovery_s60603_p91_t7,recovery,B,60603,91,7,union_rank_top3,False,True,16,6,0.9999003535143345,0.4164719054085135
pairwise_router_v120_budget0_all_0314_recovery_s60603_p94_t1,recovery,B,60603,94,1,union_rank_top3,False,True,1,53,0.966259146479976,0.4164719054085135
pairwise_router_v120_budget0_all_0315_recovery_s60603_p94_t2,recovery,B,60603,94,2,union_rank_top3,False,True,1,53,0.8849468999916423,0.4164719054085135
pairwise_router_v120_budget0_all_0316_recovery_s60603_p94_t6,recovery,B,60603,94,6,union_rank_top3,False,True,1,53,0.9456414985915966,0.4164719054085135
pairwise_router_v120_budget0_all_0317_recovery_s60603_p95_t7,recovery,B,60603,95,7,target_intersection_top20,False,True,180,90,0.9568484051319441,0.4164719054085135
pairwise_router_v120_budget0_all_0318_recovery_s60603_p96_t0,recovery,B,60603,96,0,union_rank_top3,False,True,\$1.50,\$7.50,0.9836806339575739,0.4164719054085135
pairwise_router_v120_budget0_all_0319_recovery_s60603_p96_t1,recovery,B,60603,96,1,target_intersection_top20,False,True,\$1.50,\$7.50,0.9988810620599783,0.4164719054085135
pairwise_router_v120_budget0_all_0320_recovery_s60603_p96_t2,recovery,B,60603,96,2,target_intersection_top20,False,True,\$1.50,\$7.50,0.9963054342331865,0.4164719054085135
pairwise_router_v120_budget0_all_0321_recovery_s60603_p96_t3,recovery,B,60603,96,3,target_intersection_top10,False,True,\$1.50,\$7.50,0.9976770969331223,0.4164719054085135
pairwise_router_v120_budget0_all_0322_recovery_s60603_p96_t4,recovery,B,60603,96,4,target_intersection_top20,False,True,\$1.50,\$7.50,0.960220550548952,0.4164719054085135
pairwise_router_v120_budget0_all_0323_recovery_s60603_p96_t5,recovery,B,60603,96,5,target_intersection_top20,False,True,\$1.50,\$7.50,0.9974724979040632,0.4164719054085135
pairwise_router_v120_budget0_all_0324_recovery_s60603_p96_t6,recovery,B,60603,96,6,target_intersection_top20,False,True,\$1.50,\$7.50,0.9973480591495505,0.4164719054085135
pairwise_router_v120_budget0_all_0325_recovery_s60603_p96_t7,recovery,B,60603,96,7,target_intersection_top20,False,True,\$1.50,\$7.50,0.9909214888940926,0.4164719054085135
pairwise_router_v120_budget0_all_0326_recovery_s60603_p99_t2,recovery,B,60603,99,2,union_rank_top3,False,True,1.25x,\$3.25,0.4325899706077074,0.4164719054085135
pairwise_router_v120_budget0_all_0327_recovery_s60603_p99_t4,recovery,B,60603,99,4,target_intersection_top20,False,True,1.25x,\$3.25,0.6004643917285971,0.4164719054085135
pairwise_router_v120_budget0_all_0328_recovery_s60603_p99_t7,recovery,B,60603,99,7,union_rank_top3,False,True,1.25x,\$3.25,0.6786289678869354,0.4164719054085135
pairwise_router_v120_budget0_all_0329_recovery_s60603_p101_t0,recovery,B,60603,101,0,union_rank_top3,False,True,12,16,0.9166715484389751,0.4164719054085135
pairwise_router_v120_budget0_all_0330_recovery_s60603_p101_t1,recovery,B,60603,101,1,union_rank_top3,False,True,14,16,0.7863458993143645,0.4164719054085135
pairwise_router_v120_budget0_all_0331_recovery_s60603_p101_t2,recovery,B,60603,101,2,union_rank_top3,False,True,12,16,0.9671530628813306,0.4164719054085135
pairwise_router_v120_budget0_all_0332_recovery_s60603_p101_t3,recovery,B,60603,101,3,union_rank_top3,False,True,20,16,0.8073292789664784,0.4164719054085135
pairwise_router_v120_budget0_all_0333_recovery_s60603_p101_t4,recovery,B,60603,101,4,union_rank_top3,False,True,12,16,0.981674762615037,0.4164719054085135
pairwise_router_v120_budget0_all_0334_recovery_s60603_p101_t5,recovery,B,60603,101,5,union_rank_top3,False,True,8,16,0.9149900376630495,0.4164719054085135
pairwise_router_v120_budget0_all_0335_recovery_s60603_p101_t6,recovery,B,60603,101,6,union_rank_top3,False,True,4,16,0.9741411189137907,0.4164719054085135
pairwise_router_v120_budget0_all_0336_recovery_s60603_p102_t0,recovery,B,60603,102,0,union_rank_top3,False,True,33,330,0.9895750874944711,0.4164719054085135
pairwise_router_v120_budget0_all_0337_recovery_s60603_p102_t1,recovery,B,60603,102,1,union_rank_top3,False,True,33,330,0.9944020018056728,0.4164719054085135
pairwise_router_v120_budget0_all_0338_recovery_s60603_p102_t2,recovery,B,60603,102,2,union_rank_top3,False,True,33,330,0.9894821374066102,0.4164719054085135
pairwise_router_v120_budget0_all_0339_recovery_s60603_p102_t3,recovery,B,60603,102,3,union_rank_top3,False,True,33,330,0.9979227552041983,0.4164719054085135
pairwise_router_v120_budget0_all_0340_recovery_s60603_p102_t5,recovery,B,60603,102,5,union_rank_top3,False,True,33,330,0.9931785813410119,0.4164719054085135
pairwise_router_v120_budget0_all_0341_recovery_s60603_p102_t6,recovery,B,60603,102,6,union_rank_top3,False,True,33,330,0.9882606229219418,0.4164719054085135
pairwise_router_v120_budget0_all_0342_recovery_s60603_p102_t7,recovery,B,60603,102,7,union_rank_top3,False,True,33,330,0.9976563778926693,0.4164719054085135
pairwise_router_v120_budget0_all_0343_recovery_s60603_p104_t0,recovery,B,60603,104,0,union_rank_top3,False,True,0,192,0.9610694062076384,0.4164719054085135
pairwise_router_v120_budget0_all_0344_recovery_s60603_p104_t2,recovery,B,60603,104,2,union_rank_top3,False,True,0,192,0.9503625920408901,0.4164719054085135
pairwise_router_v120_budget0_all_0345_recovery_s60603_p104_t3,recovery,B,60603,104,3,union_rank_top3,False,True,0,192,0.9740366440254106,0.4164719054085135
pairwise_router_v120_budget0_all_0346_recovery_s60603_p107_t0,recovery,B,60603,107,0,union_rank_top3,False,True,5040,4\sqrt{315},0.9154027442817525,0.4164719054085135
pairwise_router_v120_budget0_all_0347_recovery_s60603_p107_t3,recovery,B,60603,107,3,union_rank_top3,False,True,5040,4\sqrt{315},0.9707778223913855,0.4164719054085135
pairwise_router_v120_budget0_all_0348_recovery_s60603_p107_t5,recovery,B,60603,107,5,union_rank_top3,False,True,5040,4\sqrt{315},0.8112349054681927,0.4164719054085135
pairwise_router_v120_budget0_all_0349_recovery_s60603_p110_t4,recovery,B,60603,110,4,union_rank_top3,False,True,0,6,0.6143958635371977,0.4164719054085135
pairwise_router_v120_budget0_all_0350_recovery_s60603_p111_t0,recovery,B,60603,111,0,union_rank_top3,False,True,0,32-8\pi,0.911036977731052,0.4164719054085135
pairwise_router_v120_budget0_all_0351_recovery_s60603_p111_t1,recovery,B,60603,111,1,union_rank_top3,False,True,0,32-8\pi,0.9615789442869511,0.4164719054085135
pairwise_router_v120_budget0_all_0352_recovery_s60603_p111_t2,recovery,B,60603,111,2,target_intersection_top20,False,True,0,32-8\pi,0.9868617208575333,0.4164719054085135
pairwise_router_v120_budget0_all_0353_recovery_s60603_p111_t3,recovery,B,60603,111,3,union_rank_top3,False,True,0,32-8\pi,0.980980579941719,0.4164719054085135
pairwise_router_v120_budget0_all_0354_recovery_s60603_p111_t4,recovery,B,60603,111,4,union_rank_top3,False,True,0,32-8\pi,0.9384711053423667,0.4164719054085135
pairwise_router_v120_budget0_all_0355_recovery_s60603_p111_t5,recovery,B,60603,111,5,union_rank_top3,False,True,0,32-8\pi,0.9508661523394432,0.4164719054085135
pairwise_router_v120_budget0_all_0356_recovery_s60603_p111_t6,recovery,B,60603,111,6,target_intersection_top10,False,True,0,32-8\pi,0.9688145519578516,0.4164719054085135
pairwise_router_v120_budget0_all_0357_recovery_s60603_p111_t7,recovery,B,60603,111,7,union_rank_top3,False,True,0,32-8\pi,0.9520585550876494,0.4164719054085135
pairwise_router_v120_budget0_all_0358_regression_s60601_p88_t0,regression,A,60601,88,0,union_rank_top3,True,False,1,5,0.920720581058946,0.6522112366081658
pairwise_router_v120_budget0_all_0359_regression_s60602_p18_t4,regression,A,60602,18,4,union_rank_top3,True,False,1/256,-1/16,0.7989659829028017,0.7695955566317789
pairwise_router_v120_budget0_all_0360_regression_s60603_p14_t2,regression,A,60603,14,2,union_rank_top3,True,False,324,289,0.824892391474101,0.4164719054085135
pairwise_router_v120_budget0_all_0361_regression_s60603_p14_t4,regression,A,60603,14,4,union_rank_top3,True,False,324,289,0.5908111873402608,0.4164719054085135
pairwise_router_v120_budget0_all_0362_regression_s60603_p14_t5,regression,A,60603,14,5,union_rank_top3,True,False,324,289,0.8366489650943028,0.4164719054085135
pairwise_router_v120_budget0_all_0363_regression_s60603_p18_t1,regression,A,60603,18,1,union_rank_top3,True,False,1/256,-1/16,0.9797461638237949,0.4164719054085135
pairwise_router_v120_budget0_all_0364_regression_s60603_p18_t2,regression,A,60603,18,2,union_rank_top3,True,False,1/256,-1/16,0.9802500773369479,0.4164719054085135
pairwise_router_v120_budget0_all_0365_regression_s60603_p18_t3,regression,A,60603,18,3,union_rank_top3,True,False,1/256,-1/16,0.9593915702671335,0.4164719054085135
pairwise_router_v120_budget0_all_0366_regression_s60603_p18_t5,regression,A,60603,18,5,union_rank_top3,True,False,1/256,-1/16,0.9772760507459562,0.4164719054085135
pairwise_router_v120_budget0_all_0367_regression_s60603_p18_t6,regression,A,60603,18,6,union_rank_top3,True,False,1/256,-1/16,0.9927503578742002,0.4164719054085135
pairwise_router_v120_budget0_all_0368_regression_s60603_p63_t6,regression,A,60603,63,6,union_rank_top3,True,False,1,2,0.7357574639855228,0.4164719054085135
pairwise_router_v120_budget0_all_0369_regression_s60603_p88_t4,regression,A,60603,88,4,union_rank_top3,True,False,1,5,0.9199144358715624,0.4164719054085135
pairwise_router_v120_budget0_all_0370_regression_s60603_p107_t4,regression,A,60603,107,4,target_intersection_top10,True,False,5040,21,0.783467965296275,0.4164719054085135
pairwise_router_v120_budget0_all_0371_regression_s60603_p112_t0,regression,A,60603,112,0,union_rank_top3,True,False,25,4,0.7446520159410153,0.4164719054085135
pairwise_router_v120_budget0_all_0372_regression_s60603_p112_t1,regression,A,60603,112,1,union_rank_top3,True,False,25,16,0.7831213369186139,0.4164719054085135
pairwise_router_v120_budget0_all_0373_regression_s60603_p112_t2,regression,A,60603,112,2,union_rank_top3,True,False,25,1,0.6823940325164349,0.4164719054085135
pairwise_router_v120_budget0_all_0374_regression_s60603_p112_t3,regression,A,60603,112,3,union_rank_top3,True,False,25,4,0.8294992106226997,0.4164719054085135
pairwise_router_v120_budget0_all_0375_regression_s60603_p112_t4,regression,A,60603,112,4,union_rank_top3,True,False,25,16,0.8254346201535978,0.4164719054085135
pairwise_router_v120_budget0_all_0376_regression_s60603_p112_t5,regression,A,60603,112,5,union_rank_top3,True,False,25,4,0.7569961233765228,0.4164719054085135
pairwise_router_v120_budget0_all_0377_regression_s60603_p112_t6,regression,A,60603,112,6,union_rank_top3,True,False,25,4,0.9270847468644586,0.4164719054085135
